doc,FSG,CS,FSK,DPV,DAN,RV,RE,DACH,DM,FI,RRS,RRV,RM
Encadrant,*,,,,,,,,,,,,
Tel encadrant ,*,,,,,,,,,,,,
Departement,*,,,,,,,,,,,,
laboratoire,*,,,,,,,,*,,,,
Responsable du laboratoire,*,*,,,,,*,,,,,,
Specialite Etudiante,+,*,,*,,,,,,,,,
Theme,+,,,*,*,,,,,,,,
Photo,*,*,,,,,,,,,,,
nom,*,*,,,,,,,,,*,,
prenom,*,,,,,,,,,,,,
Matricule,*,+,,,,,,,,,,,
Tel,*,,,*,*,,,,,,,,
mail,*,,,*,*,,,,,,,,
Designation verrerie ,*,,,,,,,,,,,,
QD verrerie,*,,,,,,,,,,,,
QR verrerie,*,,,,,,,,,,,,
Designation produit,*,,,,,,,,,,,,
QD produit,*,,,,,,,,,,,,
QR produit,*,,,,,,,,,,,,
Periode,,*,,,,,,,,,,,
titre ,,,*,,,,*,,,*,,,
Stock minimum ,,,*,,,,,,,,,,
Stock maximum,,,*,,,,,,,,,,
Fournisseur,,,*,,,,,,*,,,,
Livraison moyenne ,,,*,,,,,,,,,,
Date Entre,,,*,,,,,,,,,,
Qte Entre,,,*,,,,,,,,,,
Date Sorte ,,,*,,,,,,,,,,
Qte Sorte ,,,*,,,,,,,,,,
Stock,,,*,,,,,,,,,,
Qte a Demander,,,*,,,,,,,,,,
Date de Demander ,,,*,,,,,,,,,,
nom prenom,,,,*,,,,,,,,,
date,,,,*,,*,*,*,*,*,*,*,
promoteur,,,,*,*,,,,,,,,
produit,,,,*,,,,,,,,,
qt,,,,*,,,,,,,,,
Nom d'appareil ,,,,,*,,,,,,,,
Nom prenom demandeur  ,,,,,*,,,,,,,,
Carde d'analyse,,,,,*,,,,,,,,
Nature d'analyse ,,,,,*,,,,,,,,
Type d'analyse ,,,,,*,,,,,,,,
Nombre  d echantillon,,,,,*,,,,,,,,
de puis,,,,,,*,,,,,,*,
jusqu'a,,,,,,*,,,,,,*,
nb ,,,,,,*,,,,,,,
Nom Prenom Stagiaire,,,,,,,*,,,,,,
Methodes,,,,,,,*,,,,,,
Materiel ,,,,,,,*,,,,,,
Produits ,,,,,,,*,,,,,,
N echantillon,,,,,,,*,,,,,,
condition operatoire ,,,,,,,*,,,,*,,
resultat ,,,,,,,*,,,,,,
Obs ,,,,,,,*,,,,,,
Conclusion ,,,,,,,*,,,,,,
linventorisete,,,,,,,,,,*,,,
designation ,,,,,,,,*,*,*,,,
qt theorique,,,,,,,,,,*,,,
qt physique ,,,,,,,,,,*,,,
ecart ,,,,,,,,,,*,,,
observation ,,,,,,,,,,,*,*,
motif,,,,,,,,*,,,,,
quantite,,,,,,,,*,*,,,,
nature ,,,,,,,,*,,,,,
marque,,,,,,,,*,*,,,,
n serie ,,,,,,,,,*,,,,
Type ,,,,,,,,,*,,,,
frequence de maintenance,,,,,,,,,*,,,,
date d'achat,,,,,,,,,* ,,,,
identi d'equipement,,,,,,,,,,,,,*
Date de l'intervention,,,,,,,,,,,,,*
disc de l'intervention,,,,,,,,,,,,,*
couts associes,,,,,,,,,,,,,*
pieces rechange,,,,,,,,,,,,,*
pieces de rechange freq,,,,,,,,,,,,,*
